2016-11-01,Tommy Thompson,David Austin,4.18
2016-11-01,Stephen Schwartz,Richard Berkey,1.45,Ricky Harris,3.49,Basil Mendez,4.71
2016-11-01,Dawn Russell,Latisha Brawley,0.61,Wilma Parker,4.73
2016-11-01,Paula Miller,Walter Osborne,3.13,Benjamin Hunter,3.15,Marion Garland,3.23
2016-11-01,Darius Aycock,Walter Osborne,0.65,Amy Doyle,1.37,Tina Hursey,1.8,Wilma Parker,2.28,Manuela Forster,3.15,Vincent Byrne,3.43,Brian Manchester,3.7,Carol Davis,4.84
2016-11-02,Aaron Jenkins,Amy Doyle,2.66,Walter Osborne,2.95,Mariana Summers,4.47,Reggie Hunter,4.97
2016-11-02,Louis Smith,Walter Osborne,0.88,Wilma Parker,3.34,Mariana Summers,3.67,Wanda Sawyer,3.8,Vincent Byrne,3.91,Robert Tripp,4.53,Benjamin Hunter,4.81
2016-11-02,Marcella Graham,Sharon Ashley,2.46,Tracie Mann,2.54,Robert Tripp,3.12,Bonita Vue,3.44,David Austin,3.87
2016-11-03,Edward Nelson,Gerald White,0.73,Linda Brown,0.96,Buddy Rossi,1.84,Edmund Garcia,2.47,David Austin,3.27,Robert Moore,3.32,Mary Thomas,3.58,Beth Pittman,3.84,Basil Mendez,4.04,Rosa Stone,4.09,Marcie Pennington,4.28
2016-11-03,Crystal Parker,Dorothy Dowdy,4.31,Beverly Caldwell,4.48
2016-11-03,Jaime Archey,Ricky Harris,1.21,Harriet Patel,1.43,Ruth Thornell,4.48,Richard Berkey,4.75
2016-11-03,Frank Smith,Buddy Rossi,1.29,Mary Thomas,1.93,Cory Ross,2.25,Vicki Smith,3.44,Carolyn McRae,4.25
2016-11-03,Christia Stringer,Buddy Rossi,2.36,Stacey Sutton,2.51,Latisha Brawley,4.91
2016-11-04,Hershel Harrison,Reggie Hunter,3.89,Robert Tripp,4.21
2016-11-04,Ricky Loy,Joyce English,0.2,Scott Madrid,0.82,David Austin,1.27,Brian Dock,1.38,Steven Brown,1.57,Norma Irish,1.76,Charles Johnson,2.39,David Farnsworth,4.28,Lucille Gunn,4.65,Wilma Parker,4.67,Kristen Brown,4.83
2016-11-04,Devin Greene,Linda Brown,2.07,Buddy Rossi,2.22,Basil Mendez,2.94,Tracie Mann,4.24,Carol Payne,4.37,Wilma Parker,4.37
2016-11-04,James Molina,Marion Garland,2.79,Wilma Parker,2.92,Carol Payne,3.14,Amy Doyle,3.51,Benjamin Hunter,3.61
2016-11-04,Nicole Colon,Ricky Harris,2.6,Cory Ross,3.2,Richard Berkey,3.46,Wilma Parker,3.74,Walter Osborne,4.08,Norma Irish,4.42,David Austin,4.9
2016-11-04,David Hunter,Vincent Byrne,3.58,Lou Rose,3.84
2016-11-04,Jimmy Kilmer,Beth Pittman,0.88,Basil Mendez,2.05,Wilma Parker,2.1,James Davis,2.28,David Austin,2.35,Arlene Howard,2.9,Latisha Brawley,3.55,Buddy Rossi,3.78,Christopher Armer,4.3,Linda Brown,4.33,Cory Ross,4.84
2016-11-04,Sharon Kellett,Latisha Brawley,2.78,Edmund Garcia,3.55
2016-11-04,Tara O'Donnell,Benjamin Hunter,1.71,Walter Osborne,3.19,Roger Stewart,4.29,Richard Berkey,4.47
2016-11-04,Francisco Parrish,Stephanie Salas,0.43,Christopher Armer,1.01,Ricky Harris,1.62,Michael Carter,2.18,Richard Berkey,2.33,Beverly Caldwell,2.71,Tanya Matthews,2.91,Ruth Thornell,3.46,Roger Stewart,3.51,Beth Pittman,3.8,Donna Michalak,3.83,Betty Boatner,3.9,Walter Osborne,4.12,Cory Ross,4.16,Frank Barcenas,4.7,Wilma Parker,4.96,Gail Spinney,4.98
2016-11-05,Debra Holt,Sharon Ashley,1.67,Charlene Slade,1.82,Bonita Vue,1.84,David Austin,2.16,Joyce English,2.61,Daniel Huffman,2.81,Robert Tripp,3.04,Amy Doyle,3.25,Mary Lininger,3.37,Arlene Howard,4.21,Dominique Perry,4.72
2016-11-05,Efrain Russell,Richard Berkey,2.7,Walter Osborne,3.77
2016-11-05,Pat Andrade,Mariana Summers,1.03,Richard Berkey,2.25,Ira Maxwell,2.69,Stephanie Salas,3.58,Walter Osborne,4.11
2016-11-05,Rosa Kautz,Robert Tripp,1.09
2016-11-05,Dora Peters,Benjamin Hunter,1.76,Johnny Messina,3.54
2016-11-06,Paul Jones,Lou Rose,4.13
2016-11-06,Candice Manning,Walter Osborne,1.11,James Davis,1.57,Wilma Parker,1.87,Richard Berkey,3.46,Basil Mendez,4.3,Benjamin Hunter,4.47,Lawrence Miller,4.54
2016-11-06,Hazel Preston,Buddy Rossi,3.95,Richard Berkey,4.43
2016-11-06,Andrew Beaver,Stephanie Salas,2.93,Betty Boatner,3.4,Vicki Smith,3.67,Arturo Harman,4.17,Geneva Esposito,4.43,James Davis,4.64
2016-11-07,Victor Summey,Walter Osborne,3.65,David Austin,4.67
2016-11-07,Fritz Worden,Wilma Parker,0.99,Norma Irish,2.65
2016-11-07,Shirley Thomas,Buddy Rossi,2.02,Amy Doyle,4.56
2016-11-07,Mollie McBee,Basil Mendez,0.76,Amy Doyle,2.44,Buddy Rossi,2.94,Carol Payne,3.6,Marta Beavers,4.44,Richard Berkey,4.5,Kathryn McDuffie,4.56
2016-11-07,Elinor Velarde,Benjamin Hunter,2.01,Mariana Summers,3.91,Reggie Hunter,3.93,Richard Berkey,4.78
2016-11-07,Randall Sprouse,Maria Lee,1.9,Michael Carter,1.93,Richard Berkey,2.71,Imogene Briley,2.83,Amy Doyle,2.9,Cory Ross,3.66,Marta Beavers,3.68,Walter Osborne,3.82,Buddy Rossi,4.15,Manuela Forster,4.54
2016-11-07,Bonnie Knapp,Benjamin Hunter,0.72,Jayme Janicki,2.39,Tina Hursey,3.91,Gail Spinney,3.98,Geneva Esposito,4.19,Charles Wilson,4.27,Stanley Ryan,4.79,Robert Tripp,4.96
2016-11-08,Kevin Douglas,Vincent Byrne,0.19,Brian Manchester,2.96,Cory Ross,3.09,Buddy Rossi,3.39,Richard Berkey,3.43,Manuela Forster,4.27,Melodie Upson,4.31,Stacey Sutton,4.54
2016-11-08,Lucas Cruz,Benjamin Hunter,2.71
2016-11-08,Catherine Parker,Walter Osborne,2.54,Palmer Morales,2.81,Roger Stewart,2.9,Mariana Summers,3.02,Benjamin Hunter,3.1,Richard Berkey,3.18,Ilse Eaves,3.57,Kathy Myers,4.15,Amy Doyle,4.48,Christopher Armer,4.56,Vicki Smith,4.78,Brian Manchester,4.84
2016-11-08,Bryan Young,David Austin,1.76,Carol Payne,4.66
2016-11-08,Robert Eley,Robert Tripp,3.29,Elizabeth Jimenez,4.42,Reggie Hunter,4.56
2016-11-08,Chris Christensen,Arlene Howard,1.87,Amy Doyle,1.87,Michael Carter,2.44,Norma Irish,3.45,Buddy Rossi,3.55,James Varner,3.68,Ricky Harris,3.78,Roderick Beck,4.0,Sharon Ashley,4.27,Steven Brown,4.3,Daniel Huffman,4.36,Guillermo Nord,4.48,Reggie Hunter,4.91
2016-11-08,Mary Painter,Benjamin Hunter,2.62,Richard Berkey,3.52,Arlene Howard,3.89,Lawrence Miller,4.91
2016-11-08,George Hodo,Benjamin Hunter,1.4,Lawrence Miller,2.72
2016-11-08,Jeannette Morse,Linda Brown,2.93
2016-11-08,Philip Browne,Ruth Thornell,0.84,Frank Barcenas,0.97,Tonya Forster,3.29,Jason Cook,3.74,Stephanie Salas,3.89,Nereida Seely,4.13
2016-11-09,James Whitehouse,Ricky Harris,4.15,Harriet Patel,4.38
2016-11-09,Lillian Splawn,None
2016-11-10,Patricia Reich,Norma Irish,0.71,David Austin,1.19,Carol Payne,2.96,Wilma Parker,3.15,Linda Brown,3.24,Buddy Rossi,3.5,Marion Garland,3.93,Rosa Stone,4.31
2016-11-10,Russell Lavender,Lawrence Miller,3.57,Benjamin Hunter,3.95
2016-11-10,Mark Ruiz,Palmer Morales,1.94,Margaret Danis,2.32,Ruth Thornell,2.58,Frank Barcenas,2.68,Jeffrey Vuong,3.13,Louella Henshaw,3.44,Treva Bryant,3.7,Mark Leonard,3.74,Gail Spinney,3.87,Brian Manchester,4.27,Gordon Merchant,4.28,Marta Beavers,4.37,Charles Fields,4.48,Tina Hursey,4.55,Ronald Kennedy,4.59,Nellie Sievers,4.68,Christopher Armer,4.84,Tonya Forster,4.88
2016-11-10,Allison Huffman,Amy Doyle,4.28,Reggie Hunter,4.57
2016-11-10,Frank McCoy,Christopher Armer,3.24,Basil Mendez,3.33
2016-11-10,Porsche Jackson,Buddy Rossi,2.38,David Austin,3.33
2016-11-10,Robert Obrien,Benjamin Hunter,1.79,Ilse Eaves,3.98,Mariana Summers,4.09,Richard Berkey,4.54
2016-11-10,Mary Kunkle,Walter Osborne,3.44,Amy Doyle,4.89
2016-11-10,Joe Peele,Marta Beavers,2.66,Walter Osborne,3.12,Alberto Johnson,3.28,Ricky Harris,3.6,Tina Hursey,3.69,Amy Doyle,3.79
2016-11-10,Olin Norfleet,Sharon Ashley,0.61,Wilma Parker,1.82,Walter Osborne,3.5,Arlene Howard,3.93,Bonita Vue,4.11,David Austin,4.42,Tracie Mann,4.49
2016-11-10,Kristi Depalma,Mariana Summers,1.45,Richard Berkey,3.33,Ira Maxwell,3.35,Stephanie Salas,4.14,Christopher Armer,4.25,Michael Carter,4.69
2016-11-10,Jeffrey Campbell,Reggie Hunter,2.63,Tina Hursey,3.71
2016-11-10,Cathy Bissonnette,Joyce English,1.47,Brian Dock,2.85,Marion Garland,3.22,Amy Doyle,4.07,Buddy Rossi,4.72
2016-11-11,Elijah Fugate,John Howard,1.09,Marion Garland,3.0,Reggie Hunter,4.36
2016-11-11,Ann Koester,Latisha Brawley,4.31
2016-11-11,Berneice Wright,Helen Grady,2.5,Gerald White,2.89,Lou Rose,3.4,Hazel Pledger,4.1
2016-11-11,Ozell Milburn,Christopher Armer,1.47,Michael Carter,1.57,Amy Doyle,2.17,Beverly Caldwell,2.47,James Davis,2.61,Walter Osborne,3.29,Wilma Parker,3.35,Cory Ross,4.01,Buddy Rossi,4.18,Palmer Morales,4.26,Carol Payne,4.47
2016-11-11,Rick Jones,David Austin,3.19,Latisha Brawley,4.69
2016-11-12,Paul Nelson,Gertrude Duprey,1.54,John Howard,3.45,Stanley Ryan,4.43,Reggie Hunter,4.66
2016-11-12,Jeremy Whitehead,Frank Barcenas,0.83,Mariana Summers,2.08
2016-11-12,Marie Wells,Wilma Parker,1.19,Sharon Ashley,1.7,Bonita Vue,2.41,David Austin,2.6,Robert Tripp,2.96,Arlene Howard,3.17,Reggie Hunter,3.75,Walter Osborne,3.81,Marta Beavers,4.23
2016-11-12,Kathryn Matos,Ricky Harris,2.17,Richard Berkey,2.49,Arlene Howard,3.9,Walter Osborne,4.8
2016-11-12,Jose Skaggs,Bonita Vue,0.56,Carol Davis,2.83,Manuela Forster,3.19,Sharon Ashley,3.79,Wilma Parker,4.06,Amy Doyle,4.92
2016-11-12,Terry McCall,Donna Michalak,3.19,Stephanie Salas,3.61,Ira Maxwell,4.19,Maria Allen,4.61,Ruth Thornell,4.75
2016-11-12,Megan Boykin,Wilma Parker,1.97,Richard Berkey,2.48
2016-11-12,Sarah Lawton,Richard Berkey,0.11,Roger Stewart,1.69,Marta Beavers,1.85,Brian Manchester,1.85,Walter Osborne,2.3,Vicki Smith,2.39,Mariana Summers,3.07,Amy Doyle,3.09,Vincent Byrne,3.4,Janet Hardison,3.91,Basil Mendez,3.96,Ilse Eaves,4.99
2016-11-12,Lynn Alford,Ricky Harris,1.19,Nellie Sievers,1.57,Dorothy Dowdy,2.3,Richard Berkey,3.63,Vicki Smith,4.0,Edwin Ingram,4.67
2016-11-12,Billie Murdock,Ricky Harris,0.99,Buddy Rossi,4.47,Richard Berkey,4.89
2016-11-12,Carrie Tolbert,Terese Wilkins,0.61,Ricky Harris,1.9,Ronald Kennedy,1.96,Brian Manchester,2.11,Arlene Howard,2.34,Helen Nabors,2.47,Richard Berkey,2.77,Amy Doyle,3.09,Joshua Novick,3.49,Eric Torres,3.86,Walter Osborne,3.98,Roger Stewart,4.21,Wilma Parker,4.29,Edwin Ingram,4.46,Manuela Forster,4.72,Charles Wilson,4.87
2016-11-12,Dennis Ramos,Harriet Patel,1.63,Ricky Harris,2.03,Stephanie Salas,3.31,Charles Fields,3.97,Arlene Howard,4.65,Lou Rose,4.94
2016-11-12,Lessie Whitlock,None
2016-11-13,Richard Hunt,Scottie Scoles,0.68,Latisha Brawley,1.8,Norma Irish,1.98,Tracie Mann,2.38,Edmund Garcia,2.6,Steven Brown,2.98,James Davis,3.13,Robert Tripp,3.25,Wanda Sawyer,3.51,Mary Lininger,3.58,Jackson McBride,3.79,Marcie Pennington,4.2,Robert Moore,4.34,Arlene Howard,4.38,Vicki Smith,4.54,Charles Wilson,4.73,Walter Osborne,4.95
2016-11-13,Dorothy Robbins,Dorothy Dowdy,0.74,Arturo Harman,0.82,Stephanie Salas,1.12,Ricky Harris,1.34,Loren May,1.35,Vincent Byrne,1.37,Nellie Sievers,1.58,Ronald Kennedy,1.7,Charles Fields,1.84,Brian Manchester,1.93,Ira Maxwell,1.94,Helen Nabors,2.05,Vicki Smith,2.19,Barbara Corso,2.29,Maria Lee,2.36,Hazel Pledger,2.43,Michael Carter,2.49,Arlene Howard,2.87,Richard Berkey,2.96,Donna Clark,3.0,Mary Thomas,3.09,Donna Michalak,3.26,Jason Cook,3.27,Louella Henshaw,3.33,Beth Pittman,3.37,Cory Ross,3.42,Amy Doyle,3.66,James Davis,4.1,Ruth Thornell,4.2,Marta Beavers,4.23,Palmer Morales,4.25,Buddy Rossi,4.26,Mary Tester,4.32,Carol Davis,4.44,Charlene Slade,4.45,Roderick Beck,4.6,Wilma Parker,4.86
2016-11-13,Lara Barnes,Melodie Upson,0.39,Anna Smith,0.94,Roderick Beck,1.46,Buddy Rossi,1.7,Helen Grady,2.16,Samuel Loper,2.6,Gerald White,2.61,Eric Torres,3.29,Lou Rose,3.38,Maria Lee,3.66,Joshua Novick,3.78,Harriet Patel,3.81,Myra Donohoe,3.93,David Ahrens,4.96
2016-11-13,Lois Allen,Robert Tripp,0.29,Walter Osborne,3.42,Tina Hursey,3.54
2016-11-13,Irma Livingston,Jeffrey Vuong,3.25
2016-11-13,Denise Christensen,Benjamin Hunter,4.02
2016-11-13,Matthew Byron,Benjamin Hunter,0.98,Gertrude Duprey,3.25,Joseph Murdock,3.89,Mary Lininger,4.03,Walter Osborne,4.48
2016-11-13,Tammy Banfield,Wilma Parker,1.94,Tracie Mann,3.68,Walter Osborne,4.09,Arlene Howard,4.22
2016-11-13,Antoinette Ramirez,Richard Berkey,0.92
2016-11-13,Edward Eads,Cory Ross,0.89,Stacey Sutton,2.34,Blanche Vos,2.55,Maria Lee,3.78,Carol Davis,4.89
2016-11-13,Ruth Spearman,Lawrence Miller,4.06,Walter Osborne,4.34,Wanda Sawyer,4.42
2016-11-14,Lynn Mayorga,Bonita Vue,1.07,Scott Madrid,1.15,Daniel Huffman,1.37,Steven Brown,1.85,Elizabeth Jimenez,3.05,Nancy Evans,3.19,Carol Payne,3.45,Barbara Garcia,3.5,Marion Garland,3.8,Linda Brown,4.01
2016-11-14,Donald Nguyen,Ruth Thornell,1.74,Richard Berkey,3.19,Travis Tiller,4.89
2016-11-14,Stephanie Miller,Buddy Rossi,4.43
2016-11-14,Anna Shapiro,Mariana Summers,3.72
2016-11-14,Venessa Miller,Mary Lininger,2.28,Lawrence Miller,3.55,Jason Cook,3.6
2016-11-14,Deana Mitchell,None
2016-11-14,Alex Kaplan,Lou Rose,2.69,Samuel Loper,2.73,Buddy Rossi,3.33,Harriet Patel,3.41
2016-11-14,Nathan Garcia,Frank Barcenas,1.27,Roger Stewart,4.02,Charles Fields,4.67,Chester Smart,4.93
2016-11-14,Melvin Dumont,Wilma Parker,0.63,Wanda Sawyer,1.89,Robert Tripp,2.35,David Austin,4.39,Lawrence Miller,4.9
2016-11-15,Candace Page,Basil Mendez,1.01,Vicki Smith,1.36,Stephanie Salas,3.65,David Austin,3.74,Richard Berkey,3.78,Buddy Rossi,3.8,Mary Thomas,3.89,Marion Garland,4.3,Robert Tripp,4.8
2016-11-15,Joseph Brown,Mariana Summers,1.73,Richard Berkey,2.56,Walter Osborne,3.04,Benjamin Hunter,4.33
2016-11-15,Santos Houchin,Richard Berkey,3.49
2016-11-15,Judith Linton,None
2016-11-16,Edward Rivera,Marion Garland,1.88,Wilma Parker,3.68,James Davis,4.38,Latisha Brawley,4.73
2016-11-16,Jennie White,Arlene Howard,1.0,Amy Doyle,1.72,Marta Beavers,2.73,Walter Osborne,2.78,Wilma Parker,2.96,Ricky Harris,3.28,Alberto Johnson,3.97,Buddy Rossi,4.58
2016-11-17,Nick Howard,Leroy Davis,0.17,Hazel Pledger,1.72,Dorothy Dowdy,1.81,Alberto Johnson,2.67,Stephanie Salas,3.13,Terese Wilkins,3.33,Buddy Rossi,3.42,Tonya Forster,3.46,Charles Fields,3.71,Gerald White,4.84,Dominique Perry,4.85,Lou Rose,4.86
2016-11-17,Scott Hansen,Walter Osborne,3.46,Wilma Parker,3.46,Benjamin Hunter,3.5,Amy Doyle,4.15
2016-11-17,Robert Kist,Melodie Upson,0.85,Buddy Rossi,1.19,Beverly Caldwell,2.06,Donna Michalak,2.41,Eric Torres,3.34,Basil Mendez,3.44,Carol Davis,3.67,Linda Brown,3.83,Ricky Harris,3.88,Lou Rose,4.04,Nancy Evans,4.04,Edmund Garcia,4.68
2016-11-18,Dallas Pitcock,Betty Boatner,1.37,Christopher Armer,1.65,James Davis,1.8,Ira Maxwell,2.56,Wilma Parker,2.7,Beth Pittman,2.84,David Farnsworth,2.89,Gail Spinney,2.97,Mark Leonard,3.04,Beverly Caldwell,4.08,Harriet Patel,4.1,Kristen Brown,4.14,Sharon Ashley,4.36,Ruth Thornell,4.47,Marion Garland,4.83
2016-11-18,Charlie Jones,Melodie Upson,0.58,Stacey Sutton,1.19,Edwin Ingram,1.49,Lou Rose,2.81,Beverly Caldwell,3.37,Basil Mendez,4.84
2016-11-18,Kelly Johnson,Mary Lininger,1.86,Wilma Parker,1.93,Walter Osborne,2.06,Tina Hursey,2.18,Arlene Howard,3.09,Lawrence Miller,3.65
2016-11-18,Andre Reinert,Christopher Armer,2.53,Ira Maxwell,2.72,Mariana Summers,2.93,James Davis,3.28,Stephanie Salas,3.48,Wilma Parker,4.08,Basil Mendez,4.59,Beth Pittman,4.83,Benjamin Hunter,4.91
2016-11-18,Wanda Williams,Tina Hursey,2.43,Walter Osborne,2.85,Wilma Parker,3.11,Arlene Howard,4.22
2016-11-18,Stephen Dollar,Mariana Summers,2.15,Richard Berkey,4.28,Walter Osborne,4.59
2016-11-19,Thomas Miller,None
2016-11-19,Anthony Stevenson,Gertrude Duprey,0.82,Stanley Ryan,3.7,Robert Tripp,4.17,Reggie Hunter,4.2,Jayme Janicki,4.26
2016-11-19,John Jimenez,Buddy Rossi,1.89,Basil Mendez,3.33
2016-11-19,Ella Murphy,Buddy Rossi,2.2,Norma Irish,3.1,Harriet Patel,3.49,David Austin,3.58,Ricky Harris,3.8,Charles Fields,4.68,Richard Berkey,4.91,Walter Osborne,4.97
2016-11-19,Barbara Jefferson,Richard Berkey,3.11,Walter Osborne,4.07
2016-11-20,Kimberly Cole,Linda Brown,1.66,Latisha Brawley,3.06,Tracie Mann,3.19,Karla Isaac,4.97
2016-11-20,Debra Kellam,Benjamin Hunter,3.02,Vicki Smith,4.84
2016-11-20,Stephanie Henton,Beverly Caldwell,2.07
2016-11-20,Bruce Griffin,Susan Carlos,0.4,Benjamin Hunter,3.09,Mary Lininger,4.34,Reggie Hunter,4.46
2016-11-20,Jesus Fuqua,Stanley Ryan,0.89,Mary Lininger,0.98,Tanya Wolff,1.12,Robert Tripp,1.37,Lawrence Miller,1.4,Wanda Sawyer,1.67,Reggie Hunter,2.32,Lauren Morning,2.64,Sharon Ashley,2.7,Elizabeth Jimenez,3.34,Malka Weathersby,3.74,Janice Murray,3.87,Tina Hursey,4.04,Patricia Baxter,4.18,Walter Osborne,4.36,Aaron Jones,4.53,Marta Beavers,4.82
2016-11-20,Ignacio Rigdon,Edmund Garcia,2.61,Kristen Brown,2.81,Cory Ross,3.78,Carolyn McRae,4.17,Vincent Byrne,4.93
2016-11-20,Sara Tobar,Walter Osborne,2.32,Mary Lininger,2.61,Lawrence Miller,3.28,Arlene Howard,3.97
2016-11-21,Aaron Washington,Wilma Parker,1.78,Carol Payne,2.46,Marta Beavers,3.81,Nancy Evans,4.2,Richard Berkey,4.37
2016-11-21,Doris Smith,Vincent Byrne,0.96,Richard Berkey,2.5,Harriet Patel,2.79,Ricky Harris,2.85,Patricia Baxter,3.01,Wilma Parker,3.35,Eric Torres,4.78,Norma Irish,4.86
2016-11-21,William Borba,Reggie Hunter,1.76,Richard Berkey,2.78,Carol Payne,3.43,Marion Garland,3.9,Basil Mendez,4.18,Benjamin Hunter,4.47
2016-11-21,Floyd Correa,Mary Thomas,0.6,Cory Ross,1.0,Buddy Rossi,1.6,Vincent Byrne,2.31,Basil Mendez,2.31,Beth Pittman,3.18,Carolyn McRae,3.47,Stephanie Salas,3.88,Ira Maxwell,4.72
2016-11-21,Roger Nielson,David Austin,1.23,Basil Mendez,2.89,Wilma Parker,3.14,Buddy Rossi,3.47,Marion Garland,3.95
2016-11-21,William Rader,Buddy Rossi,3.62
2016-11-21,Mary Walsh,Michael Carter,0.99,Reggie Hunter,4.47,Cory Ross,4.63,Buddy Rossi,4.74
2016-11-21,Pamela Howard,Chester Smart,0.83,Mariana Summers,2.12,Roger Stewart,3.37,Tanya Matthews,4.35,Richard Berkey,4.8
2016-11-22,Diane Blackston,Jason Cook,0.91,Marta Beavers,1.69,Neil Neal,1.73,Walter Osborne,2.2,Betty Boatner,2.43,Mariana Summers,2.44,Tina Hursey,2.45,Colby Nino,2.46,Arlene Howard,2.76,Charles Fields,2.91,Donna Clark,3.1,Terese Wilkins,3.12,Stephanie Salas,3.23,James Davis,3.77,Nereida Seely,3.8,Arturo Harman,4.04,Gordon Merchant,4.85,Ricky Harris,4.88
2016-11-22,Julia Horton,Mariana Summers,2.76
2016-11-22,Margaret Redding,Arlene Howard,2.34,Amy Doyle,2.52,Harriet Patel,3.0,Cory Ross,3.28,Wilma Parker,3.35,Roderick Beck,3.49,Charles Fields,3.79,Richard Berkey,3.92,Walter Osborne,4.15,David Austin,4.21,Bonita Vue,4.39,Sharon Ashley,4.94,Myra Donohoe,4.95
2016-11-22,Amy West,Reggie Hunter,0.29,Marion Garland,3.28,Kathryn McDuffie,3.98,Richard Berkey,4.19
2016-11-22,Robert Hill,None
2016-11-22,Jack Harms,Benjamin Hunter,2.52
2016-11-22,Elizabeth Davis,Norma Irish,0.12,Daniel Huffman,0.96,Steven Brown,1.08,Scott Madrid,1.37,Guillermo Nord,1.5,David Farnsworth,2.53,Beth Pittman,2.6,Tracie Mann,2.7,Linda Brown,3.04,Kristen Brown,3.06,Carol Payne,3.13,Myra Donohoe,3.22,Rosa Stone,3.69,Buddy Rossi,3.84,Sharon Ashley,3.88,Amy Doyle,4.11,Roderick Beck,4.15,Karen Brothers,4.62,Arlene Howard,4.81,Helen Grady,5.0
2016-11-22,Kim Vesey,Ilse Eaves,0.22,Janet Hardison,1.18,Geneva Esposito,1.84,Roger Stewart,3.6
2016-11-22,Steven Fine,Mariana Summers,0.88
2016-11-22,Beverly Turner,Tanya Matthews,1.08,Roger Stewart,1.26,Christopher Armer,3.65,Walter Osborne,4.74
2016-11-23,Alex Fondren,Benjamin Hunter,3.85,Wilma Parker,4.69,Walter Osborne,4.9
2016-11-23,Gary Kim,Carol Payne,0.51,Wilma Parker,1.69,Robert Tripp,2.5,James Davis,2.56,David Austin,2.71,Wanda Sawyer,2.71,Walter Osborne,4.26,Kristen Brown,4.67,Saundra Turner,4.88,Vincent Byrne,4.92
2016-11-24,Vincent Saltsman,Mary Thomas,2.74
2016-11-24,Kevin Albro,Tina Hursey,3.43,Walter Osborne,4.33
2016-11-24,John Cain,Vicki Smith,1.48,Dorothy Dowdy,3.21,Walter Osborne,3.26,Richard Berkey,3.86,Marion Garland,3.97,Buddy Rossi,4.02
2016-11-24,David Long,Lawrence Miller,1.59,Benjamin Hunter,2.77
2016-11-24,Ester Valle,Mariana Summers,2.49,Benjamin Hunter,3.56,Richard Berkey,4.16
2016-11-24,Rachel Hines,Lou Rose,1.85,Beverly Caldwell,4.34,Harriet Patel,4.47,Helen Grady,4.52,Buddy Rossi,4.57,Ricky Harris,4.71
2016-11-24,Jake Pete,David Austin,0.95
2016-11-24,Tara Ohanlon,Richard Berkey,1.17,Mariana Summers,3.98,Robert Tripp,4.91
2016-11-24,Carroll Keys,Mariana Summers,3.2,Benjamin Hunter,4.97
2016-11-25,Stephen Ladue,Richard Berkey,0.84,Walter Osborne,3.24,Basil Mendez,4.28
2016-11-25,Leticia Barnett,Tracie Mann,2.51,Stanley Ryan,2.79,Bonita Vue,2.95,Wilma Parker,3.23,Reggie Hunter,4.5
2016-11-25,Brenda Klein,Brian Manchester,0.69,Marta Beavers,3.51
2016-11-25,Michael Payne,Jeffrey Vuong,4.05
2016-11-25,Edwin Goodson,Amy Doyle,2.33,Wilma Parker,3.02,Ricky Harris,3.67,David Austin,3.81,Bonita Vue,3.98,Walter Osborne,4.07,Richard Berkey,4.1,Sharon Ashley,4.57
2016-11-26,Vicky Heffner,Robert Tripp,2.21,Benjamin Hunter,2.83,Amy Doyle,3.92
2016-11-26,Karrie Rush,Joseph Murdock,0.4,Tanya Wolff,1.3,Saundra Turner,1.38,Mary Lininger,1.44,Robert Tripp,1.85,Wanda Sawyer,2.3,Johnny Messina,2.32,Marion Garland,2.88,Sharon Ashley,3.04,Kathryn McDuffie,3.53,Carol Payne,3.86,Jayme Janicki,4.36,Benjamin Hunter,4.69,Tina Hursey,4.74
2016-11-26,Samantha Blum,Ricky Harris,1.9,Harriet Patel,2.3,Richard Berkey,3.66,Arlene Howard,4.9
2016-11-26,Reggie Ealey,Mary Thomas,1.29,Buddy Rossi,2.4,Lucille Gunn,2.88,Beth Pittman,2.92,David Farnsworth,2.97,Stephanie Salas,3.0,Christopher Armer,3.24,James Davis,4.62,Richard Berkey,4.69
2016-11-26,John Price,James Varner,4.23
2016-11-26,Maria Williams,Walter Osborne,1.43,Wilma Parker,2.02,Amy Doyle,2.17,Arlene Howard,2.65,Richard Berkey,3.83,Benjamin Hunter,4.21
2016-11-26,Ida Lyon,Buddy Rossi,3.85
2016-11-26,Daniel Hill,Walter Osborne,4.16
2016-11-26,Steven Thompson,Sharon Ashley,0.55,Wilma Parker,1.23,Amy Doyle,2.53,Reggie Hunter,2.88,Guillermo Nord,3.1,Arlene Howard,3.52,David Austin,3.54,Walter Osborne,3.55,Joyce English,4.04,Tanya Wolff,4.17,Michael Carter,4.39,Johnny Messina,4.68
2016-11-27,Andrew Lynch,Norma Irish,1.05,Steven Brown,2.17,Tracie Mann,3.17,Arlene Howard,3.79,Mary Lininger,4.76,Walter Osborne,4.91
2016-11-27,Randall Hensley,Basil Mendez,1.87,Arlene Howard,2.64,Kathryn McDuffie,3.35,Scott Madrid,3.53,Terese Wilkins,3.61,Beverly Caldwell,3.75,Nancy Evans,3.76,Walter Osborne,3.98,Marta Beavers,4.26,Tracie Mann,4.35,Linda Brown,4.52,Richard Berkey,4.83
2016-11-27,Jennifer Soto,Richard Berkey,1.08,Walter Osborne,2.4,Wilma Parker,4.83,Ricky Harris,4.93
2016-11-27,Jason Libbey,Benjamin Hunter,1.24
2016-11-27,Steven Mizell,Benjamin Hunter,1.13,Malcolm Miller,2.95,Treva Bryant,3.3,Robert Tripp,4.61
2016-11-27,Allen Blevins,Richard Berkey,0.37,Vicki Smith,2.59,James Davis,3.45,Geneva Esposito,4.87
2016-11-27,Dorothy Gray,Daniel Huffman,1.09,Tracie Mann,1.17,Steven Sevilla,1.51,Norma Irish,1.6,Nancy Evans,2.9,Kathryn McDuffie,3.21,Barbara Garcia,3.28,Charlene Slade,3.53,Linda Brown,3.72,Myra Donohoe,3.93,Sharon Ashley,4.07,Wilma Parker,4.44,Lauren Morning,4.46,Kristen Brown,4.71
2016-11-27,Michael Lucas,Wilma Parker,0.84,Richard Berkey,4.0,David Austin,4.59,Latisha Brawley,4.85
2016-11-27,Lucas Williams,Basil Mendez,2.1,David Austin,3.12,Edwin Ingram,3.85,Wilma Parker,4.4,Carol Payne,4.73,Latisha Brawley,4.84
2016-11-27,Ines Pope,Stacey Sutton,2.81,Glen Parr,4.95
2016-11-28,Allan Cummings,Helen Grady,1.38,Melodie Upson,1.81,Glen Parr,2.47,Buddy Rossi,2.99,Linda Brown,3.87,Nancy Evans,4.57,Mary Tester,4.66
2016-11-28,Daniel Williams,Buddy Rossi,2.11,Richard Berkey,4.75
2016-11-28,Margaret Short,Tracie Mann,0.79,David Austin,1.37,Wilma Parker,4.33
2016-11-29,Brett Sullivan,Carol Payne,3.19
2016-11-29,Carlos Marsh,Richard Berkey,1.11,Mariana Summers,2.08,Wilma Parker,4.98
2016-11-29,Joseph Knight,Marion Garland,1.12,Wilma Parker,3.09,Reggie Hunter,4.25,Amy Doyle,4.39
2016-11-30,Raymond Bennington,Tina Hursey,1.61,Donna Clark,1.72,Reggie Hunter,1.83,Dominique Perry,1.99,Neil Neal,2.54,Lauren Morning,2.57,Charlene Slade,3.06,Carol Payne,3.06,Robert Tripp,3.07,Sharon Ashley,3.14,Mary Lininger,3.37,Basil Mendez,3.87,Kathryn McDuffie,4.09,Joseph Murdock,4.35,Charles Fields,4.67,Benjamin Hunter,4.79
2016-11-30,Rebecca Hicks,Cory Ross,2.91,David Austin,3.29,Latisha Brawley,4.93
